<?xml version="1.0" encoding="UTF-8"?>

<mule 
	xmlns:json-logger="http://www.mulesoft.org/schema/mule/json-logger" 
	xmlns:ee="http://www.mulesoft.org/schema/mule/ee/core"
	xmlns:http="http://www.mulesoft.org/schema/mule/http"
	xmlns="http://www.mulesoft.org/schema/mule/core" 
	xmlns:doc="http://www.mulesoft.org/schema/mule/documentation" 
	xmlns:xsi="http://www.w3.org/2001/XMLSchema-instance" xsi:schemaLocation="http://www.mulesoft.org/schema/mule/core http://www.mulesoft.org/schema/mule/core/current/mule.xsd
						http://www.mulesoft.org/schema/mule/http http://www.mulesoft.org/schema/mule/http/current/mule-http.xsd
						http://www.mulesoft.org/schema/mule/ee/core http://www.mulesoft.org/schema/mule/ee/core/current/mule-ee.xsd
http://www.mulesoft.org/schema/mule/json-logger http://www.mulesoft.org/schema/mule/json-logger/current/mule-json-logger.xsd">
	
	<flow name="helloworld-sys-appFlow" doc:id="7e04a646-764d-4c0d-8813-f7ad7639e36b" >
		<http:listener doc:name="Listener" doc:id="03e2a2fb-b0a0-4d04-89f8-76652fffb9f5" config-ref="HttpListenerConfig" path="/api/healthcheck" allowedMethods="GET">
			<http:response statusCode="#[vars.httpStatus default 200]" >
				<http:headers ><![CDATA[#[vars.outboundHeaders default {}]]]></http:headers>
			</http:response>
			<http:error-response statusCode="#[vars.httpStatus default 500]">
				<http:body ><![CDATA[#[payload]]]></http:body>
				<http:headers ><![CDATA[#[vars.outboundHeaders default {}]]]></http:headers>
			</http:error-response>
		</http:listener>
		<json-logger:logger doc:name="START: GET /healthcheck" doc:id="2d77f9f8-a6e4-4133-b393-15d2e41d4d28" config-ref="JSON_Logger_Config" message='#["Processing started for GET /healthcheck"]' category="${app.name}"/>
		<ee:transform doc:name="Prepare Response Payload" doc:id="9ac7f557-66e2-4551-ad26-bfb633b26c7c" >
			<ee:message >
				<ee:set-payload ><![CDATA[%dw 2.0
output application/json
---
{ 
	"status"	: Mule::p("app.healthcheck.status"),
	"name"		: Mule::p("json.logger.application.name"),
	"version"	: Mule::p("json.logger.application.version"),
	"timeStamp" : now() >> Mule::p("timeZone"),
	
	"additional" : {
			"secret"	: Mule::p("secure::example.secret")
	}
}]]></ee:set-payload>
			</ee:message>
		</ee:transform>
		<json-logger:logger doc:name="END: GET /healthcheck" doc:id="34833598-d14c-43c9-bcbb-4915e9f3d670" config-ref="JSON_Logger_Config" message='#["Processing completed for GET /healthcheck"]' tracePoint="END" category="${app.name}"/>
	</flow>
	<flow name="helloworld-sys-app:main-scheduler" doc:id="d2c00884-6c7d-44ac-9b93-b5484bf5d554" maxConcurrency="${scheduler.main.maxconcurrency}" >
		<scheduler doc:name="Scheduler" doc:id="9db03159-5a9a-4290-ab62-c30052315aa5" doc:description="Scheduler" disallowConcurrentExecution="true">
			<scheduling-strategy >
				<cron expression="${scheduler.main.frequency}"  timeZone="${timeZone}" />
			</scheduling-strategy>
		</scheduler>
		<json-logger:logger doc:name="START: main-scheduler" doc:id="717500f2-e92e-46a3-95bc-5034bca52266" config-ref="JSON_Logger_Config" message='#["Processing started for main-scheduler"]' category="${app.name}">
			<json-logger:content ><![CDATA[#[import modules::JSONLoggerModule output application/json ---
{
    messge: 'started' ,
    payload: null
}]]]></json-logger:content>
		</json-logger:logger>
		<ee:transform doc:name="Prepare Response Payload" doc:id="3c6efced-c84e-49f1-84e8-684d0446af07" >
			<ee:message >
				<ee:set-payload ><![CDATA[%dw 2.0
output application/json
---
{ 
	"status"	: Mule::p("app.healthcheck.status"),
	"name"		: Mule::p("json.logger.application.name"),
	"version"	: Mule::p("json.logger.application.version"),
	"timeStamp" : now() >> Mule::p("timeZone"),
	
	"additional" : {
			"secret"	: Mule::p("secure::example.secret")
	}
}]]></ee:set-payload>
			</ee:message>
		</ee:transform>
		<json-logger:logger doc:name="END: main-scheduler" doc:id="70c4109d-35ff-440e-8359-6f2f7f3adf21" config-ref="JSON_Logger_Config" message='#["Processing completed for main-scheduler"]' tracePoint="END" category="${app.name}">
			<json-logger:content ><![CDATA[#[import modules::JSONLoggerModule output application/json ---
{
	messge: 'completed' ,
    payload: JSONLoggerModule::stringifyNonJSON(payload) 
}]]]></json-logger:content>
		</json-logger:logger>
	</flow>
	
</mule>